{
  "total_documents": 394,
  "total_characters": 341809,
  "average_chunk_size": 867.5355329949239,
  "source_urls_count": 50,
  "unique_sections": 49,
  "depth_distribution": {
    "0": 26,
    "1": 368
  },
  "section_distribution": {
    "ersm110000": 14,
    "ersm20000": 9,
    "ersm30000": 10,
    "ersm110210": 15,
    "ersm110540": 7,
    "ersm110600": 7,
    "ersm111000": 6,
    "ersm110025": 8,
    "ersm110010": 9,
    "ersm111100": 6,
    "ersm110550": 6,
    "ersm110800": 7,
    "ersm110520": 7,
    "ersm110110": 7,
    "ersm110910": 7,
    "ersm100000": 7,
    "ersm110900": 8,
    "ersm110015": 10,
    "employment-related-securities_updates": 10,
    "ersm140000": 6,
    "ersm110920": 7,
    "ersm110060": 7,
    "ersm110930": 7,
    "ersm110020": 8,
    "ersm110200": 8,
    "ersm110940": 9,
    "ersm110510": 12,
    "ersm110850": 6,
    "ersm110050": 8,
    "ersm110500": 8,
    "ersm110560": 8,
    "ersm110100": 8,
    "ersm20110": 7,
    "ersm20270": 6,
    "ersm20180": 7,
    "ersm20230": 6,
    "ersm20520": 6,
    "ersm20192": 10,
    "ersm20360": 9,
    "ersm20310": 8,
    "ersm20440": 11,
    "ersm20530": 9,
    "ersm20191": 7,
    "ersm20190": 6,
    "ersm20120": 8,
    "ersm20540": 7,
    "ersm20185": 7,
    "ersm20450": 10,
    "ersm20010": 8
  },
  "discovery_stats": {
    "max_depth": 2,
    "max_pages": 50,
    "total_discovered_urls": 50,
    "failed_urls": 0
  },
  "created_at": "2025-06-30T19:49:12.007017",
  "files": {
    "pickle": "data/hmrc_docs_enhanced_20250630_194911.pkl",
    "json": "data/hmrc_docs_enhanced_20250630_194911.json",
    "summary": "data/hmrc_docs_enhanced_20250630_194911_summary.json"
  }
}